injected_ms,actual_ms,measured_ms,error_ms,nominal_error_ms,repetition,condition_profile,git_sha,run_at,environment
200,201.817,204.299,2.482,4.299,0,clean,61ef2ea23fa96aa1f672428d422dd06193e236bc,2026-09-11T08:17:33+00:00,Windows 11 / Python 3.12.10 / AMD64
200,200.973,203.778,2.805,3.778,1,clean,61ef2ea23fa96aa1f672428d422dd06193e236bc,2026-09-11T08:17:33+00:00,Windows 11 / Python 3.12.10 / AMD64
200,201.168,204.663,3.496,4.663,2,clean,61ef2ea23fa96aa1f672428d422dd06193e236bc,2026-09-11T08:17:33+00:00,Windows 11 / Python 3.12.10 / AMD64
200,200.287,204.048,3.761,4.048,3,clean,61ef2ea23fa96aa1f672428d422dd06193e236bc,2026-09-11T08:17:33+00:00,Windows 11 / Python 3.12.10 / AMD64
200,200.922,202.719,1.797,2.719,4,clean,61ef2ea23fa96aa1f672428d422dd06193e236bc,2026-09-11T08:17:33+00:00,Windows 11 / Python 3.12.10 / AMD64
200,201.795,204.259,2.464,4.259,5,clean,61ef2ea23fa96aa1f672428d422dd06193e236bc,2026-09-11T08:17:33+00:00,Windows 11 / Python 3.12.10 / AMD64
200,200.683,202.407,1.724,2.407,6,clean,61ef2ea23fa96aa1f672428d422dd06193e236bc,2026-09-11T08:17:33+00:00,Windows 11 / Python 3.12.10 / AMD64
200,201.592,203.577,1.984,3.577,7,clean,61ef2ea23fa96aa1f672428d422dd06193e236bc,2026-09-11T08:17:33+00:00,Windows 11 / Python 3.12.10 / AMD64
200,201.83,204.329,2.499,4.329,8,clean,61ef2ea23fa96aa1f672428d422dd06193e236bc,2026-09-11T08:17:33+00:00,Windows 11 / Python 3.12.10 / AMD64
200,201.063,203.972,2.91,3.972,9,clean,61ef2ea23fa96aa1f672428d422dd06193e236bc,2026-09-11T08:17:33+00:00,Windows 11 / Python 3.12.10 / AMD64
200,200.831,203.312,2.481,3.312,10,clean,61ef2ea23fa96aa1f672428d422dd06193e236bc,2026-09-11T08:17:33+00:00,Windows 11 / Python 3.12.10 / AMD64
200,201.522,203.612,2.089,3.612,11,clean,61ef2ea23fa96aa1f672428d422dd06193e236bc,2026-09-11T08:17:33+00:00,Windows 11 / Python 3.12.10 / AMD64
200,202.464,205.422,2.958,5.422,12,clean,61ef2ea23fa96aa1f672428d422dd06193e236bc,2026-09-11T08:17:33+00:00,Windows 11 / Python 3.12.10 / AMD64
200,201.21,203.691,2.481,3.691,13,clean,61ef2ea23fa96aa1f672428d422dd06193e236bc,2026-09-11T08:17:33+00:00,Windows 11 / Python 3.12.10 / AMD64
200,202.314,205.321,3.007,5.321,14,clean,61ef2ea23fa96aa1f672428d422dd06193e236bc,2026-09-11T08:17:33+00:00,Windows 11 / Python 3.12.10 / AMD64
200,201.814,205.328,3.514,5.328,15,clean,61ef2ea23fa96aa1f672428d422dd06193e236bc,2026-09-11T08:17:33+00:00,Windows 11 / Python 3.12.10 / AMD64
200,201.676,204.048,2.372,4.048,16,clean,61ef2ea23fa96aa1f672428d422dd06193e236bc,2026-09-11T08:17:33+00:00,Windows 11 / Python 3.12.10 / AMD64
200,202.071,204.7,2.629,4.7,17,clean,61ef2ea23fa96aa1f672428d422dd06193e236bc,2026-09-11T08:17:33+00:00,Windows 11 / Python 3.12.10 / AMD64
200,202.08,204.342,2.262,4.342,18,clean,61ef2ea23fa96aa1f672428d422dd06193e236bc,2026-09-11T08:17:33+00:00,Windows 11 / Python 3.12.10 / AMD64
200,201.773,203.571,1.798,3.571,19,clean,61ef2ea23fa96aa1f672428d422dd06193e236bc,2026-09-11T08:17:33+00:00,Windows 11 / Python 3.12.10 / AMD64
500,500.752,502.768,2.017,2.768,0,clean,61ef2ea23fa96aa1f672428d422dd06193e236bc,2026-09-11T08:17:33+00:00,Windows 11 / Python 3.12.10 / AMD64
500,501.84,503.937,2.097,3.937,1,clean,61ef2ea23fa96aa1f672428d422dd06193e236bc,2026-09-11T08:17:33+00:00,Windows 11 / Python 3.12.10 / AMD64
500,501.988,504.987,2.998,4.987,2,clean,61ef2ea23fa96aa1f672428d422dd06193e236bc,2026-09-11T08:17:33+00:00,Windows 11 / Python 3.12.10 / AMD64
500,501.877,504.849,2.972,4.849,3,clean,61ef2ea23fa96aa1f672428d422dd06193e236bc,2026-09-11T08:17:33+00:00,Windows 11 / Python 3.12.10 / AMD64
500,500.34,502.346,2.005,2.346,4,clean,61ef2ea23fa96aa1f672428d422dd06193e236bc,2026-09-11T08:17:33+00:00,Windows 11 / Python 3.12.10 / AMD64
500,502.637,504.512,1.875,4.512,5,clean,61ef2ea23fa96aa1f672428d422dd06193e236bc,2026-09-11T08:17:33+00:00,Windows 11 / Python 3.12.10 / AMD64
500,501.73,504.21,2.48,4.21,6,clean,61ef2ea23fa96aa1f672428d422dd06193e236bc,2026-09-11T08:17:33+00:00,Windows 11 / Python 3.12.10 / AMD64
500,500.583,502.574,1.99,2.574,7,clean,61ef2ea23fa96aa1f672428d422dd06193e236bc,2026-09-11T08:17:33+00:00,Windows 11 / Python 3.12.10 / AMD64
500,500.776,503.377,2.601,3.377,8,clean,61ef2ea23fa96aa1f672428d422dd06193e236bc,2026-09-11T08:17:33+00:00,Windows 11 / Python 3.12.10 / AMD64
500,502.636,504.601,1.965,4.601,9,clean,61ef2ea23fa96aa1f672428d422dd06193e236bc,2026-09-11T08:17:33+00:00,Windows 11 / Python 3.12.10 / AMD64
500,501.502,503.57,2.068,3.57,10,clean,61ef2ea23fa96aa1f672428d422dd06193e236bc,2026-09-11T08:17:33+00:00,Windows 11 / Python 3.12.10 / AMD64
500,500.61,502.705,2.095,2.705,11,clean,61ef2ea23fa96aa1f672428d422dd06193e236bc,2026-09-11T08:17:33+00:00,Windows 11 / Python 3.12.10 / AMD64
500,502.56,505.304,2.745,5.304,12,clean,61ef2ea23fa96aa1f672428d422dd06193e236bc,2026-09-11T08:17:33+00:00,Windows 11 / Python 3.12.10 / AMD64
500,501.218,504.995,3.777,4.995,13,clean,61ef2ea23fa96aa1f672428d422dd06193e236bc,2026-09-11T08:17:33+00:00,Windows 11 / Python 3.12.10 / AMD64
500,501.814,504.133,2.319,4.133,14,clean,61ef2ea23fa96aa1f672428d422dd06193e236bc,2026-09-11T08:17:33+00:00,Windows 11 / Python 3.12.10 / AMD64
500,501.731,504.092,2.361,4.092,15,clean,61ef2ea23fa96aa1f672428d422dd06193e236bc,2026-09-11T08:17:33+00:00,Windows 11 / Python 3.12.10 / AMD64
500,500.513,501.698,1.185,1.698,16,clean,61ef2ea23fa96aa1f672428d422dd06193e236bc,2026-09-11T08:17:33+00:00,Windows 11 / Python 3.12.10 / AMD64
500,501.924,504.379,2.455,4.379,17,clean,61ef2ea23fa96aa1f672428d422dd06193e236bc,2026-09-11T08:17:33+00:00,Windows 11 / Python 3.12.10 / AMD64
500,500.531,502.6,2.069,2.6,18,clean,61ef2ea23fa96aa1f672428d422dd06193e236bc,2026-09-11T08:17:33+00:00,Windows 11 / Python 3.12.10 / AMD64
500,502.639,505.572,2.933,5.572,19,clean,61ef2ea23fa96aa1f672428d422dd06193e236bc,2026-09-11T08:17:33+00:00,Windows 11 / Python 3.12.10 / AMD64
1000,1000.677,1002.557,1.88,2.557,0,clean,61ef2ea23fa96aa1f672428d422dd06193e236bc,2026-09-11T08:17:33+00:00,Windows 11 / Python 3.12.10 / AMD64
1000,1000.803,1002.412,1.608,2.412,1,clean,61ef2ea23fa96aa1f672428d422dd06193e236bc,2026-09-11T08:17:33+00:00,Windows 11 / Python 3.12.10 / AMD64
1000,1001.542,1004.003,2.461,4.003,2,clean,61ef2ea23fa96aa1f672428d422dd06193e236bc,2026-09-11T08:17:33+00:00,Windows 11 / Python 3.12.10 / AMD64
1000,1000.774,1002.105,1.331,2.105,3,clean,61ef2ea23fa96aa1f672428d422dd06193e236bc,2026-09-11T08:17:33+00:00,Windows 11 / Python 3.12.10 / AMD64
1000,1001.719,1003.97,2.251,3.97,4,clean,61ef2ea23fa96aa1f672428d422dd06193e236bc,2026-09-11T08:17:33+00:00,Windows 11 / Python 3.12.10 / AMD64
1000,1001.971,1004.214,2.242,4.214,5,clean,61ef2ea23fa96aa1f672428d422dd06193e236bc,2026-09-11T08:17:33+00:00,Windows 11 / Python 3.12.10 / AMD64
1000,1000.787,1003.072,2.285,3.072,6,clean,61ef2ea23fa96aa1f672428d422dd06193e236bc,2026-09-11T08:17:33+00:00,Windows 11 / Python 3.12.10 / AMD64
1000,1002.369,1004.701,2.331,4.701,7,clean,61ef2ea23fa96aa1f672428d422dd06193e236bc,2026-09-11T08:17:33+00:00,Windows 11 / Python 3.12.10 / AMD64
1000,1001.667,1004.149,2.482,4.149,8,clean,61ef2ea23fa96aa1f672428d422dd06193e236bc,2026-09-11T08:17:33+00:00,Windows 11 / Python 3.12.10 / AMD64
1000,1002.074,1004.657,2.583,4.657,9,clean,61ef2ea23fa96aa1f672428d422dd06193e236bc,2026-09-11T08:17:33+00:00,Windows 11 / Python 3.12.10 / AMD64
1000,1001.87,1004.048,2.178,4.048,10,clean,61ef2ea23fa96aa1f672428d422dd06193e236bc,2026-09-11T08:17:33+00:00,Windows 11 / Python 3.12.10 / AMD64
1000,1000.466,1003.356,2.889,3.356,11,clean,61ef2ea23fa96aa1f672428d422dd06193e236bc,2026-09-11T08:17:33+00:00,Windows 11 / Python 3.12.10 / AMD64
1000,1000.932,1003.038,2.106,3.038,12,clean,61ef2ea23fa96aa1f672428d422dd06193e236bc,2026-09-11T08:17:33+00:00,Windows 11 / Python 3.12.10 / AMD64
1000,1001.701,1004.38,2.679,4.38,13,clean,61ef2ea23fa96aa1f672428d422dd06193e236bc,2026-09-11T08:17:33+00:00,Windows 11 / Python 3.12.10 / AMD64
1000,1000.494,1003.5,3.006,3.5,14,clean,61ef2ea23fa96aa1f672428d422dd06193e236bc,2026-09-11T08:17:33+00:00,Windows 11 / Python 3.12.10 / AMD64
1000,1001.718,1004.782,3.064,4.782,15,clean,61ef2ea23fa96aa1f672428d422dd06193e236bc,2026-09-11T08:17:33+00:00,Windows 11 / Python 3.12.10 / AMD64
1000,1001.808,1003.5,1.692,3.5,16,clean,61ef2ea23fa96aa1f672428d422dd06193e236bc,2026-09-11T08:17:33+00:00,Windows 11 / Python 3.12.10 / AMD64
1000,1000.525,1001.703,1.178,1.703,17,clean,61ef2ea23fa96aa1f672428d422dd06193e236bc,2026-09-11T08:17:33+00:00,Windows 11 / Python 3.12.10 / AMD64
1000,1001.12,1003.726,2.606,3.726,18,clean,61ef2ea23fa96aa1f672428d422dd06193e236bc,2026-09-11T08:17:33+00:00,Windows 11 / Python 3.12.10 / AMD64
1000,1001.759,1005.354,3.595,5.354,19,clean,61ef2ea23fa96aa1f672428d422dd06193e236bc,2026-09-11T08:17:33+00:00,Windows 11 / Python 3.12.10 / AMD64
2000,2001.009,2003.173,2.164,3.173,0,clean,61ef2ea23fa96aa1f672428d422dd06193e236bc,2026-09-11T08:17:33+00:00,Windows 11 / Python 3.12.10 / AMD64
2000,2001.835,2003.24,1.405,3.24,1,clean,61ef2ea23fa96aa1f672428d422dd06193e236bc,2026-09-11T08:17:33+00:00,Windows 11 / Python 3.12.10 / AMD64
2000,2000.614,2001.748,1.134,1.748,2,clean,61ef2ea23fa96aa1f672428d422dd06193e236bc,2026-09-11T08:17:33+00:00,Windows 11 / Python 3.12.10 / AMD64
2000,2000.661,2002.614,1.953,2.614,3,clean,61ef2ea23fa96aa1f672428d422dd06193e236bc,2026-09-11T08:17:33+00:00,Windows 11 / Python 3.12.10 / AMD64
2000,2002.535,2005.82,3.285,5.82,4,clean,61ef2ea23fa96aa1f672428d422dd06193e236bc,2026-09-11T08:17:33+00:00,Windows 11 / Python 3.12.10 / AMD64
2000,2000.6,2002.458,1.858,2.458,5,clean,61ef2ea23fa96aa1f672428d422dd06193e236bc,2026-09-11T08:17:33+00:00,Windows 11 / Python 3.12.10 / AMD64
2000,2002.295,2005.153,2.858,5.153,6,clean,61ef2ea23fa96aa1f672428d422dd06193e236bc,2026-09-11T08:17:33+00:00,Windows 11 / Python 3.12.10 / AMD64
2000,2001.907,2005.803,3.897,5.803,7,clean,61ef2ea23fa96aa1f672428d422dd06193e236bc,2026-09-11T08:17:33+00:00,Windows 11 / Python 3.12.10 / AMD64
2000,2000.599,2004.326,3.727,4.326,8,clean,61ef2ea23fa96aa1f672428d422dd06193e236bc,2026-09-11T08:17:33+00:00,Windows 11 / Python 3.12.10 / AMD64
2000,2001.717,2002.823,1.106,2.823,9,clean,61ef2ea23fa96aa1f672428d422dd06193e236bc,2026-09-11T08:17:33+00:00,Windows 11 / Python 3.12.10 / AMD64
2000,2001.004,2003.129,2.125,3.129,10,clean,61ef2ea23fa96aa1f672428d422dd06193e236bc,2026-09-11T08:17:33+00:00,Windows 11 / Python 3.12.10 / AMD64
2000,2000.622,2003.066,2.444,3.066,11,clean,61ef2ea23fa96aa1f672428d422dd06193e236bc,2026-09-11T08:17:33+00:00,Windows 11 / Python 3.12.10 / AMD64
2000,2001.699,2003.726,2.027,3.726,12,clean,61ef2ea23fa96aa1f672428d422dd06193e236bc,2026-09-11T08:17:33+00:00,Windows 11 / Python 3.12.10 / AMD64
2000,2000.463,2001.999,1.536,1.999,13,clean,61ef2ea23fa96aa1f672428d422dd06193e236bc,2026-09-11T08:17:33+00:00,Windows 11 / Python 3.12.10 / AMD64
2000,2000.394,2001.973,1.579,1.973,14,clean,61ef2ea23fa96aa1f672428d422dd06193e236bc,2026-09-11T08:17:33+00:00,Windows 11 / Python 3.12.10 / AMD64
2000,2000.958,2003.544,2.586,3.544,15,clean,61ef2ea23fa96aa1f672428d422dd06193e236bc,2026-09-11T08:17:33+00:00,Windows 11 / Python 3.12.10 / AMD64
2000,2003.336,2006.154,2.817,6.154,16,clean,61ef2ea23fa96aa1f672428d422dd06193e236bc,2026-09-11T08:17:33+00:00,Windows 11 / Python 3.12.10 / AMD64
2000,2002.074,2004.745,2.671,4.745,17,clean,61ef2ea23fa96aa1f672428d422dd06193e236bc,2026-09-11T08:17:33+00:00,Windows 11 / Python 3.12.10 / AMD64
2000,2001.668,2003.704,2.036,3.704,18,clean,61ef2ea23fa96aa1f672428d422dd06193e236bc,2026-09-11T08:17:33+00:00,Windows 11 / Python 3.12.10 / AMD64
2000,2002.18,2004.126,1.946,4.126,19,clean,61ef2ea23fa96aa1f672428d422dd06193e236bc,2026-09-11T08:17:33+00:00,Windows 11 / Python 3.12.10 / AMD64
